{"cameraMode":{"drawMode":0,"name":"Shaded","section":"Shading Mode"},"sceneLighting":false,"audioPlay":false,"sceneViewState":{"m_AlwaysRefresh":false,"showFog":true,"showSkybox":false,"showFlares":true,"showImageEffects":true,"showParticleSystems":true,"showVisualEffectGraphs":true,"m_FxEnabled":true},"in2DMode":false,"pivot":{"x":0.17640948295593263,"y":-0.02429097890853882,"z":-0.2915380001068115},"rotation":{"x":-0.2899012863636017,"y":0.0335807166993618,"z":-0.010179383680224419,"w":-0.9564158320426941},"size":2.367647171020508,"orthographic":false}