{"cameraMode":{"drawMode":0,"name":"Shaded","section":"Shading Mode"},"sceneLighting":false,"audioPlay":false,"sceneViewState":{"m_AlwaysRefresh":false,"showFog":true,"showSkybox":false,"showFlares":true,"showImageEffects":true,"showParticleSystems":true,"showVisualEffectGraphs":true,"m_FxEnabled":true},"in2DMode":false,"pivot":{"x":0.0076323747634887699,"y":0.7880209684371948,"z":0.018109560012817384},"rotation":{"x":-0.2899012863636017,"y":0.0335807166993618,"z":-0.010179383680224419,"w":-0.9564158320426941},"size":-0.0015398391988128424,"orthographic":false}