{"cameraMode":{"drawMode":0,"name":"Shaded","section":"Shading Mode"},"sceneLighting":true,"audioPlay":false,"sceneViewState":{"m_AlwaysRefresh":false,"showFog":true,"showSkybox":false,"showFlares":true,"showImageEffects":true,"showParticleSystems":true,"showVisualEffectGraphs":true,"m_FxEnabled":true},"in2DMode":false,"pivot":{"x":0.3322714567184448,"y":-0.3955690860748291,"z":-0.13762664794921876},"rotation":{"x":-0.23178687691688538,"y":0.05599208548665047,"z":-0.013365332968533039,"w":-0.9710630178451538},"size":3.160126209259033,"orthographic":false}