{"cameraMode":{"drawMode":0,"name":"Shaded","section":"Shading Mode"},"sceneLighting":false,"audioPlay":false,"sceneViewState":{"m_AlwaysRefresh":false,"showFog":true,"showSkybox":false,"showFlares":true,"showImageEffects":true,"showParticleSystems":true,"showVisualEffectGraphs":true,"m_FxEnabled":true},"in2DMode":false,"pivot":{"x":-0.3164995014667511,"y":-0.4864499568939209,"z":-0.24464797973632813},"rotation":{"x":-0.23633171617984773,"y":0.04137561097741127,"z":-0.010072851553559304,"w":-0.9707391858100891},"size":3.1947455406188967,"orthographic":false}